name,percentage,initial_balance
housing,0.3257300697,0
food,0.1954380418,0
phone,0.02822993937,0
transportation,0.08034675052,0
clothing,0.008686135191,0
personal,0.08686135191,0
medical,0.03213870021,0
charity,0.008686135191,0
savings,0.1426784566,0
"debt",0.09120441951,0
